instruction,answer,dataset,word_count,word_complexity
What is a play on words?,"A play on words is a figure of speech that uses words in a creative and humorous way, often by making a pun. A pun is a joke that exploits multiple meanings of a term, or of similar-sounding words, for an intended humorous or rhetorical effect. In a play on words, the words used have different meanings, or the words sound alike but have different meanings, to create a humorous or witty effect. The tongue-twister a woodchuck would chuck as much wood as a woodchuck would, if a woodchuck could chuck wood is an example of a play on words because the phrase uses the word chuck in multiple senses (to throw and to cut off).",OA1,116,4.25862069
what is in dishwasher rinse aid?,"This dishwasher rinse aid agent helps your dishes dry better. Depending on the kind of water you have, you can end up with streaks and spots all over your dishes. When you use this rinse aid, you can feel confident about using your dishes for guests.",ms_marco,46,4.347826087
How was phosphorus first discovered?,"Phosphorus was first discovered in 1669 by the German alchemist Hennig Brand, who was attempting to create the Philosopher's Stone, a mythical substance believed to have the power to turn base metals into gold and grant eternal life.

Brand heated and distilled large quantities of urine in search of this elusive substance. After several attempts, he observed a strange glowing substance that appeared to be different from any other material he had seen before. This substance turned out to be white phosphorus, which is a highly reactive and flammable element.

Brand named the new substance cold fire because it emitted a ghostly, pale light, even when it was not burning. He attempted to monetize his discovery by selling it to alchemists, but it was not until the early 18th century that the French chemist Étienne Geoffroy Saint-Hilaire recognized phosphorus as a chemical element and gave it its modern name.",OA2,150,5
"Generate a sentence, and then tell me the concepts included in that sentence.","Sentence: The gardener carefully pruned the overgrown rose bushes to promote healthy growth and enhance the appearance of the garden.

Concepts included in this sentence:

1. Gardener: an individual who tends and cultivates plants in a garden.
2. Carefully: acting with caution or paying attention to detail; being mindful of the task at hand.
3. Pruned: the process of cutting away or trimming portions of a plant (especially dead or overgrown parts) to encourage healthy growth.
4. Overgrown: when something, particularly plants, has grown excessively or beyond its capacity.
5. Rose bushes: a specific type of flowering plant characterized by its thorny stems and fragrant, colorful blooms.
6. Promote healthy growth: encourage the natural development and well-being of a living organism (in this case, the plants in the garden).
7. Enhance the appearance: to improve or augment the visual aspect of something.
8. Garden: an area of land where plants, flowers, or vegetables are grown, typically for aesthetic or practical purposes.

Each of these concepts contributes to our understanding of the actions and intentions of the gardener in taking care of the rose bushes and the desired outcome of their efforts.",,191,5.130890052
"Does the word ""time"" mean the same thing in ""He was a great actor in his time."" and ""Time stops for nobody.""?","No, the word time in these sentences has slightly different meanings. 

In the sentence, He was a great actor in his time, time refers to a specific period in the past when the actor was popular and successful. So, it tells us about when he was famous.

In the sentence, Time stops for nobody, time means the ongoing flow of moments, seconds, minutes, hours, days, and so on. In this case, it tells us that time keeps moving forward and doesn't pause for anyone.

Although the word time is used in both sentences, it has slightly different meanings in each situation.",,102,4.343137255
"Create a set of triples that describes the content in the following sentence.

Sausage in an ingredient in bacon explosion, originating from the Kansas City metropolitan area.

","Sure, I can help you with that. Here's a set of triples that describes the content in the given sentence:

1. (bacon explosion, has ingredient, sausage)
2. (bacon explosion, originates from, Kansas City metropolitan area)

Let me explain how I arrived at these triples. 

The first triple describes the relationship between bacon explosion and sausage. The subject of the triple is bacon explosion, the predicate is has ingredient, and the object is sausage. This triple captures the fact that sausage is an ingredient in bacon explosion.

The second triple describes the relationship between bacon explosion and Kansas City metropolitan area. The subject of the triple is bacon explosion, the predicate is originates from, and the object is Kansas City metropolitan area. This triple captures the fact that bacon explosion originated from the Kansas City metropolitan area.

I hope this helps! Let me know if you have any other questions.",,150,5.053333333
Generate a context and a hypothesis.,"Context: The rapid technological advancements in the field of artificial intelligence (AI) have had a significant impact on various industries, including healthcare, automotive, finance, and education. Both the public and private sectors have been utilizing AI-driven platforms, machine learning, and automation processes to streamline their operations, reduce costs, and improve overall productivity. Amidst these developments, a growing concern has emerged regarding the potential implications of AI on the job market and unemployment rates.

Hypothesis: The widespread integration of artificial intelligence and automation technology into multiple industries may lead to increased unemployment rates and a shift in job market requirements. As redundant and repetitive tasks become automated, the workforce might need to focus on acquiring new skills, adaptability to technological changes, and a continuous learning mindset. However, at the same time, artificial intelligence and automation may also generate new job opportunities in developing and managing these technologies.",,146,6.226027397
"The suppliers provided EPA their current capacity and the capacity that will be on line in the year 2002.

Does it follow that ""The suppliers gave current and future capacity to the EPA.""?","Yes, it does follow that The suppliers gave current and future capacity to the EPA. based on the information provided. The statement clearly mentions that the suppliers provided the EPA with two pieces of information - their current capacity and the capacity that will be on line in the year 2002. This implies that the suppliers shared both their present and future capacity with the EPA.

The use of the word provided also suggests that the suppliers willingly shared this information with the EPA. Additionally, the fact that the EPA was the recipient of this information indicates that the suppliers were likely providing this information in the context of some regulatory or compliance requirement.

Overall, based on the information provided, it can be concluded that the suppliers gave the EPA both their current and future capacity information.",,136,5.161764706
Please provide some resources that will help me think through the process of creating an online course.,"First, determine what type of course you want to teach. A common technique that you might use to identify a suitable course is: Find a topic you are knowledgeable about, find a topic that you are passionate about, and find a topic that others are interested in and willing to pay for. If you have a topic that overlaps all three areas, then you have a good topic for a course.

Once you have a topic identified, there are numerous resources you can consult. Course-hosting platforms like Thinkific, Kajabi, and Podia have helpful information about creating an online course. Other ways to learn are podcasts like My First Million, Creator Science, and the Online Course Show.",databricks-dolly-15k,116,4.672413793
